{
  "builders": [{
    "ami_name": "packer-example",
    "instance_type": "t2.micro",
    "region": "us-east-2",
    "type": "amazon-ebs",
    "source_ami": "ami-0c55b159cbfafe1f0",
    "ssh_username": "ubuntu"
  }],
  "provisioners": [{
    "type": "shell",
    "inline": [
      "sudo apt-get update",
      "sudo apt-get install -y php apache2",
      "sudo git clone https://github.com/brikis98/php-app.git /var/www/html/app"
    ],
    "environment_vars": [
      "DEBIAN_FRONTEND=noninteractive"
    ]
  }]
}